-- MySQL dump 10.19  Distrib 10.3.28-MariaDB, for debian-linux-gnu (x86_64)
--
-- Host: localhost    Database: magento
-- ------------------------------------------------------
-- Server version	10.3.28-MariaDB-1:10.3.28+maria~focal

/*!40101 SET @OLD_CHARACTER_SET_CLIENT=@@CHARACTER_SET_CLIENT */;
/*!40101 SET @OLD_CHARACTER_SET_RESULTS=@@CHARACTER_SET_RESULTS */;
/*!40101 SET @OLD_COLLATION_CONNECTION=@@COLLATION_CONNECTION */;
/*!40101 SET NAMES utf8mb4 */;
/*!40103 SET @OLD_TIME_ZONE=@@TIME_ZONE */;
/*!40103 SET TIME_ZONE='+00:00' */;
/*!40014 SET @OLD_UNIQUE_CHECKS=@@UNIQUE_CHECKS, UNIQUE_CHECKS=0 */;
/*!40014 SET @OLD_FOREIGN_KEY_CHECKS=@@FOREIGN_KEY_CHECKS, FOREIGN_KEY_CHECKS=0 */;
/*!40101 SET @OLD_SQL_MODE=@@SQL_MODE, SQL_MODE='NO_AUTO_VALUE_ON_ZERO' */;
/*!40111 SET @OLD_SQL_NOTES=@@SQL_NOTES, SQL_NOTES=0 */;

--
-- Table structure for table `cms_block_store`
--

DROP TABLE IF EXISTS `cms_block_store`;
/*!40101 SET @saved_cs_client     = @@character_set_client */;
/*!40101 SET character_set_client = utf8 */;
CREATE TABLE `cms_block_store` (
  `block_id` smallint(6) NOT NULL,
  `store_id` smallint(5) unsigned NOT NULL COMMENT 'Store ID',
  PRIMARY KEY (`block_id`,`store_id`),
  KEY `CMS_BLOCK_STORE_STORE_ID` (`store_id`),
  CONSTRAINT `CMS_BLOCK_STORE_BLOCK_ID_CMS_BLOCK_BLOCK_ID` FOREIGN KEY (`block_id`) REFERENCES `cms_block` (`block_id`) ON DELETE CASCADE,
  CONSTRAINT `CMS_BLOCK_STORE_STORE_ID_STORE_STORE_ID` FOREIGN KEY (`store_id`) REFERENCES `store` (`store_id`) ON DELETE CASCADE
) ENGINE=InnoDB DEFAULT CHARSET=utf8 COMMENT='CMS Block To Store Linkage Table';
/*!40101 SET character_set_client = @saved_cs_client */;

--
-- Dumping data for table `cms_block_store`
--

LOCK TABLES `cms_block_store` WRITE;
/*!40000 ALTER TABLE `cms_block_store` DISABLE KEYS */;
INSERT INTO `cms_block_store` VALUES (1,0),(2,0),(3,0),(4,0),(5,0),(6,0),(7,0);
/*!40000 ALTER TABLE `cms_block_store` ENABLE KEYS */;
UNLOCK TABLES;

--
-- Table structure for table `cms_page_store`
--

DROP TABLE IF EXISTS `cms_page_store`;
/*!40101 SET @saved_cs_client     = @@character_set_client */;
/*!40101 SET character_set_client = utf8 */;
CREATE TABLE `cms_page_store` (
  `page_id` smallint(6) NOT NULL COMMENT 'Entity ID',
  `store_id` smallint(5) unsigned NOT NULL COMMENT 'Store ID',
  PRIMARY KEY (`page_id`,`store_id`),
  KEY `CMS_PAGE_STORE_STORE_ID` (`store_id`),
  CONSTRAINT `CMS_PAGE_STORE_PAGE_ID_CMS_PAGE_PAGE_ID` FOREIGN KEY (`page_id`) REFERENCES `cms_page` (`page_id`) ON DELETE CASCADE,
  CONSTRAINT `CMS_PAGE_STORE_STORE_ID_STORE_STORE_ID` FOREIGN KEY (`store_id`) REFERENCES `store` (`store_id`) ON DELETE CASCADE
) ENGINE=InnoDB DEFAULT CHARSET=utf8 COMMENT='CMS Page To Store Linkage Table';
/*!40101 SET character_set_client = @saved_cs_client */;

--
-- Dumping data for table `cms_page_store`
--

LOCK TABLES `cms_page_store` WRITE;
/*!40000 ALTER TABLE `cms_page_store` DISABLE KEYS */;
INSERT INTO `cms_page_store` VALUES (1,0),(2,0),(3,0),(4,0),(5,0);
/*!40000 ALTER TABLE `cms_page_store` ENABLE KEYS */;
UNLOCK TABLES;

--
-- Table structure for table `cms_block`
--

DROP TABLE IF EXISTS `cms_block`;
/*!40101 SET @saved_cs_client     = @@character_set_client */;
/*!40101 SET character_set_client = utf8 */;
CREATE TABLE `cms_block` (
  `block_id` smallint(6) NOT NULL AUTO_INCREMENT COMMENT 'Entity ID',
  `title` varchar(255) NOT NULL COMMENT 'Block Title',
  `identifier` varchar(255) NOT NULL COMMENT 'Block String Identifier',
  `content` mediumtext DEFAULT NULL COMMENT 'Block Content',
  `creation_time` timestamp NOT NULL DEFAULT current_timestamp() COMMENT 'Block Creation Time',
  `update_time` timestamp NOT NULL DEFAULT current_timestamp() ON UPDATE current_timestamp() COMMENT 'Block Modification Time',
  `is_active` smallint(6) NOT NULL DEFAULT 1 COMMENT 'Is Block Active',
  PRIMARY KEY (`block_id`),
  FULLTEXT KEY `CMS_BLOCK_TITLE_IDENTIFIER_CONTENT` (`title`,`identifier`,`content`)
) ENGINE=InnoDB AUTO_INCREMENT=8 DEFAULT CHARSET=utf8 COMMENT='CMS Block Table';
/*!40101 SET character_set_client = @saved_cs_client */;

--
-- Dumping data for table `cms_block`
--

LOCK TABLES `cms_block` WRITE;
/*!40000 ALTER TABLE `cms_block` DISABLE KEYS */;
INSERT INTO `cms_block` VALUES (1,'slogan','slogan','<div class=\"slogan\">   \r\n <img src=\"{{media url=&quot;logosandslogan/slogan.png&quot;}}\" alt=\"de verdade slogan\" />\r\n</div>\r\n','2021-05-22 20:48:09','2021-05-23 15:10:01',1),(2,'homepage_callout','homepage_callout','<div class=\"home-callouts\">\r\n    <div class=\"callout callout1\">\r\n        <img src=\"{{media url=&quot;logosandslogan/callout-whatsapp.png&quot;}}\" alt=\"WhatsAppContact\" />\r\n    </div>\r\n    <div class=\"callout callout2\">\r\n        <img src=\"{{media url=&quot;logosandslogan/callout-delivery.png&quot;}}\" alt=\"Frete Gratis Slogan\" />\r\n    </div>\r\n</div>\r\n','2021-05-22 20:48:09','2021-05-23 15:38:46',1),(3,'footer_contacts','footer_contacts','ACN Orgnic Food| BR, SP, Avenida Paulista 1000| Telefone: +55 11 99876-5432\r\n','2021-05-22 20:48:09','2021-05-23 14:22:28',1),(4,'footer_additional','footer_additional','<div class=\"footer-additional\">\n    <div class=\"footer-contacts\">{{widget type=\"Magento\\Cms\\Block\\Widget\\Block\" template=\"widget/static_block/default.phtml\" block_id=\"footer_contacts\"}}</div>\n    <div class=\"footer-payments\">{{widget type=\"Magento\\Cms\\Block\\Widget\\Block\" template=\"widget/static_block/default.phtml\" block_id=\"footer_payments\"}}</div>\n</div>\n','2021-05-22 20:48:09','2021-05-22 20:48:09',1),(5,'footer_links_block','footer_links_block','<div class=\"box informational\">\r\n    <ul>\r\n        <li>\r\n            <h4>Sobre Nos</h4>\r\n            <ul>\r\n                <li><a href=\"{{store direct_url=\'about\'}}\">Sobre nos</a></li>\r\n                <li><a href=\"{{store direct_url=\'our-company\'}}\">Empresa</a></li>\r\n                <li><a href=\"{{store direct_url=\'sitemap\'}}\">Sitemap</a></li>\r\n            </ul>\r\n        </li>\r\n        <li>\r\n            <h4>Servico ao cliente</h4>\r\n            <ul>\r\n                <li><a href=\"{{store direct_url=\'contact\'}}\">Fale Conosco</a></li>\r\n                <li><a href=\"{{store direct_url=\'testimonials\'}}\">Depoimentos</a></li>\r\n            </ul>\r\n        </li>\r\n        <li>\r\n            <h4>Seguranca &amp; privacidade</h4>\r\n            <ul>\r\n                <li><a href=\"{{store direct_url=\'privacy\'}}\">Politica de Privacidade</a></li>\r\n                <li><a href=\"{{store direct_url=\'safe-shopping\'}}\">Compra segura</a></li>\r\n                <li><a href=\"{{store direct_url=\'terms\'}}\">Termos e condicoes de uso</a></li>\r\n            </ul>\r\n        </li>\r\n        <li class=\"last\">\r\n            <h4>Envios e devolucoes</h4>\r\n            <ul>\r\n                <li><a href=\"{{store direct_url=\'delivery\'}}\">Informacoes de envio</a></li>\r\n                <li><a href=\"{{store direct_url=\'guarantees\'}}\">Satisfacao garantida</a></li>\r\n                <li><a href=\"{{store direct_url=\'returns\'}}\">Politica de Devolucoes</a></li>\r\n            </ul>\r\n        </li>\r\n    </ul>\r\n</div>\r\n','2021-05-22 20:48:09','2021-05-23 14:16:13',1),(6,'footer_payments','footer_payments','<ul class=\"footer-payments\" >\n    <li><img src=\"{{view url=\'images/payments/amex.svg\'}}\" alt=\"\"></li>\n    <li><img src=\"{{view url=\'images/payments/visa.svg\'}}\" alt=\"\"></li>\n    <li><img src=\"{{view url=\'images/payments/maestro.svg\'}}\" alt=\"\"></li>\n    <li><img src=\"{{view url=\'images/payments/mastercard.svg\'}}\" alt=\"\"></li>\n</ul>\n','2021-05-22 20:48:09','2021-05-22 20:48:09',1),(7,'featured','featured','{{widget type=\"Magento\\CatalogWidget\\Block\\Product\\ProductsList\" title=\"Novidades\" products_count=\"10\" template=\"product/featured.phtml\" conditions_encoded=\"^[`1`:^[`type`:`Magento||CatalogWidget||Model||Rule||Condition||Combine`,`aggregator`:`all`,`value`:`1`,`new_child`:``^]^]\" type_name=\"Catalog Products List\"}}\r\n','2021-05-22 20:48:09','2021-05-24 00:58:21',1);
/*!40000 ALTER TABLE `cms_block` ENABLE KEYS */;
UNLOCK TABLES;

--
-- Table structure for table `cms_page`
--

DROP TABLE IF EXISTS `cms_page`;
/*!40101 SET @saved_cs_client     = @@character_set_client */;
/*!40101 SET character_set_client = utf8 */;
CREATE TABLE `cms_page` (
  `page_id` smallint(6) NOT NULL AUTO_INCREMENT COMMENT 'Entity ID',
  `title` varchar(255) DEFAULT NULL COMMENT 'Page Title',
  `page_layout` varchar(255) DEFAULT NULL COMMENT 'Page Layout',
  `meta_keywords` text DEFAULT NULL COMMENT 'Page Meta Keywords',
  `meta_description` text DEFAULT NULL COMMENT 'Page Meta Description',
  `identifier` varchar(100) DEFAULT NULL COMMENT 'Page String Identifier',
  `content_heading` varchar(255) DEFAULT NULL COMMENT 'Page Content Heading',
  `content` mediumtext DEFAULT NULL COMMENT 'Page Content',
  `creation_time` timestamp NOT NULL DEFAULT current_timestamp() COMMENT 'Page Creation Time',
  `update_time` timestamp NOT NULL DEFAULT current_timestamp() ON UPDATE current_timestamp() COMMENT 'Page Modification Time',
  `is_active` smallint(6) NOT NULL DEFAULT 1 COMMENT 'Is Page Active',
  `sort_order` smallint(6) NOT NULL DEFAULT 0 COMMENT 'Page Sort Order',
  `layout_update_xml` text DEFAULT NULL COMMENT 'Page Layout Update Content',
  `custom_theme` varchar(100) DEFAULT NULL COMMENT 'Page Custom Theme',
  `custom_root_template` varchar(255) DEFAULT NULL COMMENT 'Page Custom Template',
  `custom_layout_update_xml` text DEFAULT NULL COMMENT 'Page Custom Layout Update Content',
  `layout_update_selected` varchar(128) DEFAULT NULL COMMENT 'Page Custom Layout File',
  `custom_theme_from` date DEFAULT NULL COMMENT 'Page Custom Theme Active From Date',
  `custom_theme_to` date DEFAULT NULL COMMENT 'Page Custom Theme Active To Date',
  `meta_title` varchar(255) DEFAULT NULL COMMENT 'Page Meta Title',
  PRIMARY KEY (`page_id`),
  KEY `CMS_PAGE_IDENTIFIER` (`identifier`),
  FULLTEXT KEY `CMS_PAGE_TITLE_META_KEYWORDS_META_DESCRIPTION_IDENTIFIER_CONTENT` (`title`,`meta_keywords`,`meta_description`,`identifier`,`content`)
) ENGINE=InnoDB AUTO_INCREMENT=6 DEFAULT CHARSET=utf8 COMMENT='CMS Page Table';
/*!40101 SET character_set_client = @saved_cs_client */;

--
-- Dumping data for table `cms_page`
--

LOCK TABLES `cms_page` WRITE;
/*!40000 ALTER TABLE `cms_page` DISABLE KEYS */;
INSERT INTO `cms_page` VALUES (1,'404 Not Found','2columns-right','Page keywords','Page description','no-route','Whoops, our bad...','<dl>\r\n<dt>The page you requested was not found, and we have a fine guess why.</dt>\r\n<dd>\r\n<ul class=\"disc\">\r\n<li>If you typed the URL directly, please make sure the spelling is correct.</li>\r\n<li>If you clicked on a link to get here, the link is outdated.</li>\r\n</ul></dd>\r\n</dl>\r\n<dl>\r\n<dt>What can you do?</dt>\r\n<dd>Have no fear, help is near! There are many ways you can get back on track with Magento Store.</dd>\r\n<dd>\r\n<ul class=\"disc\">\r\n<li><a href=\"#\" onclick=\"history.go(-1); return false;\">Go back</a> to the previous page.</li>\r\n<li>Use the search bar at the top of the page to search for your products.</li>\r\n<li>Follow these links to get you back on track!<br /><a href=\"{{store url=\"\"}}\">Store Home</a> <span class=\"separator\">|</span> <a href=\"{{store url=\"customer/account\"}}\">My Account</a></li></ul></dd></dl>\r\n','2021-05-16 19:50:16','2021-05-16 19:50:16',1,0,NULL,NULL,NULL,NULL,NULL,NULL,NULL,NULL),(2,'ACN Organic Food','2columns-left','','','home','','<div class=\"homepage-slider\" >\r\n    <div class=\"slick-slider\" data-mage-init=\'{\"slick\": {\"slidesToShow\": 1, \"slidesToScroll\": 1, \"dots\": true, \"autoplay\": true, \"rows\": 0}}\'>        \r\n               <div><img src=\"{{media url=&quot;banners-home/banner-frutas-1600.jpg&quot;}}\" alt=\"\" /></div>\r\n               <div><img src=\"{{media url=&quot;banners-home/banner-legumes-1600.jpg&quot;}}\" alt=\"\" /></div>\r\n               <div><img src=\"{{media url=&quot;banners-home/banner-mercearia-1600.jpg&quot;}}\" alt=\"\" /></div>\r\n    </div>\r\n</div>\r\n{{widget type=\"Magento\\Catalog\\Block\\Product\\Widget\\NewWidget\" display_type=\"new_products\" products_count=\"8\" template=\"product/widget/new/content/new_grid.phtml\"}}\r\n','2021-05-16 19:50:16','2021-05-23 13:59:23',1,0,NULL,'','',NULL,NULL,NULL,NULL,''),(3,'Enable Cookies','1column',NULL,NULL,'enable-cookies','What are Cookies?','<div class=\"enable-cookies cms-content\">\r\n<p>\"Cookies\" are little pieces of data we send when you visit our store. Cookies help us get to know you better and personalize your experience. Plus they help protect you and other shoppers from fraud.</p>\r\n<p style=\"margin-bottom: 20px;\">Set your browser to accept cookies so you can buy items, save items, and receive customized recommendations. Here’s how:</p>\r\n<ul>\r\n<li><a href=\"https://support.google.com/accounts/answer/61416?hl=en\" target=\"_blank\">Google Chrome</a></li>\r\n<li><a href=\"http://windows.microsoft.com/en-us/internet-explorer/delete-manage-cookies\" target=\"_blank\">Internet Explorer</a></li>\r\n<li><a href=\"http://support.apple.com/kb/PH19214\" target=\"_blank\">Safari</a></li>\r\n<li><a href=\"https://support.mozilla.org/en-US/kb/enable-and-disable-cookies-website-preferences\" target=\"_blank\">Mozilla/Firefox</a></li>\r\n</ul>\r\n</div>','2021-05-16 19:50:16','2021-05-16 19:50:16',1,0,NULL,NULL,NULL,NULL,NULL,NULL,NULL,NULL),(4,'Privacy and Cookie Policy','1column',NULL,NULL,'privacy-policy-cookie-restriction-mode','Privacy and Cookie Policy','<div class=\"privacy-policy cms-content\">\n    <div class=\"message info\">\n        <span>\n            Please replace this text with you Privacy Policy.\n            Please add any additional cookies your website uses below (e.g. Google Analytics).\n        </span>\n    </div>\n    <p>\n        This privacy policy sets out how this website (hereafter \"the Store\") uses and protects any information that\n        you give the Store while using this website. The Store is committed to ensuring that your privacy is protected.\n        Should we ask you to provide certain information by which you can be identified when using this website, then\n        you can be assured that it will only be used in accordance with this privacy statement. The Store may change\n        this policy from time to time by updating this page. You should check this page from time to time to ensure\n        that you are happy with any changes.\n    </p>\n    <h2>What we collect</h2>\n    <p>We may collect the following information:</p>\n    <ul>\n        <li>name</li>\n        <li>contact information including email address</li>\n        <li>demographic information such as postcode, preferences and interests</li>\n        <li>other information relevant to customer surveys and/or offers</li>\n    </ul>\n    <p>\n        For the exhaustive list of cookies we collect see the <a href=\"#list\">List of cookies we collect</a> section.\n    </p>\n    <h2>What we do with the information we gather</h2>\n    <p>\n        We require this information to understand your needs and provide you with a better service,\n        and in particular for the following reasons:\n    </p>\n    <ul>\n        <li>Internal record keeping.</li>\n        <li>We may use the information to improve our products and services.</li>\n        <li>\n            We may periodically send promotional emails about new products, special offers or other information which we\n            think you may find interesting using the email address which you have provided.\n        </li>\n        <li>\n            From time to time, we may also use your information to contact you for market research purposes.\n            We may contact you by email, phone, fax or mail. We may use the information to customise the website\n            according to your interests.\n        </li>\n    </ul>\n    <h2>Security</h2>\n    <p>\n        We are committed to ensuring that your information is secure. In order to prevent unauthorised access or\n        disclosure, we have put in place suitable physical, electronic and managerial procedures to safeguard and\n        secure the information we collect online.\n    </p>\n    <h2>How we use cookies</h2>\n    <p>\n        A cookie is a small file which asks permission to be placed on your computer\'s hard drive.\n        Once you agree, the file is added and the cookie helps analyse web traffic or lets you know when you visit\n        a particular site. Cookies allow web applications to respond to you as an individual. The web application\n        can tailor its operations to your needs, likes and dislikes by gathering and remembering information about\n        your preferences.\n    </p>\n    <p>\n        We use traffic log cookies to identify which pages are being used. This helps us analyse data about web page\n        traffic and improve our website in order to tailor it to customer needs. We only use this information for\n        statistical analysis purposes and then the data is removed from the system.\n    </p>\n    <p>\n        Overall, cookies help us provide you with a better website, by enabling us to monitor which pages you find\n        useful and which you do not. A cookie in no way gives us access to your computer or any information about you,\n        other than the data you choose to share with us. You can choose to accept or decline cookies.\n        Most web browsers automatically accept cookies, but you can usually modify your browser setting\n        to decline cookies if you prefer. This may prevent you from taking full advantage of the website.\n    </p>\n    <h2>Links to other websites</h2>\n    <p>\n        Our website may contain links to other websites of interest. However, once you have used these links\n        to leave our site, you should note that we do not have any control over that other website.\n        Therefore, we cannot be responsible for the protection and privacy of any information which you provide whilst\n        visiting such sites and such sites are not governed by this privacy statement.\n        You should exercise caution and look at the privacy statement applicable to the website in question.\n    </p>\n    <h2>Controlling your personal information</h2>\n    <p>You may choose to restrict the collection or use of your personal information in the following ways:</p>\n    <ul>\n        <li>\n            whenever you are asked to fill in a form on the website, look for the box that you can click to indicate\n            that you do not want the information to be used by anybody for direct marketing purposes\n        </li>\n        <li>\n            if you have previously agreed to us using your personal information for direct marketing purposes,\n            you may change your mind at any time by letting us know using our Contact Us information\n        </li>\n    </ul>\n    <p>\n        We will not sell, distribute or lease your personal information to third parties unless we have your permission\n        or are required by law to do so. We may use your personal information to send you promotional information\n        about third parties which we think you may find interesting if you tell us that you wish this to happen.\n    </p>\n    <p>\n        You may request details of personal information which we hold about you under the Data Protection Act 1998.\n        A small fee will be payable. If you would like a copy of the information held on you please email us this\n        request using our Contact Us information.\n    </p>\n    <p>\n        If you believe that any information we are holding on you is incorrect or incomplete,\n        please write to or email us as soon as possible, at the above address.\n        We will promptly correct any information found to be incorrect.\n    </p>\n    <h2><a name=\"list\"></a>List of cookies we collect</h2>\n    <p>The table below lists the cookies we collect and what information they store.</p>\n    <table class=\"data-table data-table-definition-list\">\n        <thead>\n        <tr>\n            <th>Cookie Name</th>\n            <th>Cookie Description</th>\n        </tr>\n        </thead>\n        <tbody>\n            <tr>\n                <th>FORM_KEY</th>\n                <td>Stores randomly generated key used to prevent forged requests.</td>\n            </tr>\n            <tr>\n                <th>PHPSESSID</th>\n                <td>Your session ID on the server.</td>\n            </tr>\n            <tr>\n                <th>GUEST-VIEW</th>\n                <td>Allows guests to view and edit their orders.</td>\n            </tr>\n            <tr>\n                <th>PERSISTENT_SHOPPING_CART</th>\n                <td>A link to information about your cart and viewing history, if you have asked for this.</td>\n            </tr>\n            <tr>\n                <th>STF</th>\n                <td>Information on products you have emailed to friends.</td>\n            </tr>\n            <tr>\n                <th>STORE</th>\n                <td>The store view or language you have selected.</td>\n            </tr>\n            <tr>\n                <th>USER_ALLOWED_SAVE_COOKIE</th>\n                <td>Indicates whether a customer allowed to use cookies.</td>\n            </tr>\n            <tr>\n                <th>MAGE-CACHE-SESSID</th>\n                <td>Facilitates caching of content on the browser to make pages load faster.</td>\n            </tr>\n            <tr>\n                <th>MAGE-CACHE-STORAGE</th>\n                <td>Facilitates caching of content on the browser to make pages load faster.</td>\n            </tr>\n            <tr>\n                <th>MAGE-CACHE-STORAGE-SECTION-INVALIDATION</th>\n                <td>Facilitates caching of content on the browser to make pages load faster.</td>\n            </tr>\n            <tr>\n                <th>MAGE-CACHE-TIMEOUT</th>\n                <td>Facilitates caching of content on the browser to make pages load faster.</td>\n            </tr>\n            <tr>\n                <th>SECTION-DATA-IDS</th>\n                <td>Facilitates caching of content on the browser to make pages load faster.</td>\n            </tr>\n            <tr>\n                <th>PRIVATE_CONTENT_VERSION</th>\n                <td>Facilitates caching of content on the browser to make pages load faster.</td>\n            </tr>\n            <tr>\n                <th>X-MAGENTO-VARY</th>\n                <td>Facilitates caching of content on the server to make pages load faster.</td>\n            </tr>\n            <tr>\n                <th>MAGE-TRANSLATION-FILE-VERSION</th>\n                <td>Facilitates translation of content to other languages.</td>\n            </tr>\n            <tr>\n                <th>MAGE-TRANSLATION-STORAGE</th>\n                <td>Facilitates translation of content to other languages.</td>\n            </tr>\n        </tbody>\n    </table>\n</div>','2021-05-16 19:50:16','2021-05-16 19:50:16',1,0,NULL,NULL,NULL,NULL,NULL,NULL,NULL,NULL),(5,'Home page','1column',NULL,NULL,'home_backup_37_2021-05-22-17-48-09','Home Page','<p>CMS homepage content goes here.</p>\r\n','2021-05-16 19:50:16','2021-05-22 20:48:09',0,0,'<!--\n    <referenceContainer name=\"right\">\n        <referenceBlock name=\"catalog.compare.sidebar\" remove=\"true\" />\n    </referenceContainer>-->',NULL,NULL,NULL,NULL,NULL,NULL,NULL);
/*!40000 ALTER TABLE `cms_page` ENABLE KEYS */;
UNLOCK TABLES;
/*!40103 SET TIME_ZONE=@OLD_TIME_ZONE */;

/*!40101 SET SQL_MODE=@OLD_SQL_MODE */;
/*!40014 SET FOREIGN_KEY_CHECKS=@OLD_FOREIGN_KEY_CHECKS */;
/*!40014 SET UNIQUE_CHECKS=@OLD_UNIQUE_CHECKS */;
/*!40101 SET CHARACTER_SET_CLIENT=@OLD_CHARACTER_SET_CLIENT */;
/*!40101 SET CHARACTER_SET_RESULTS=@OLD_CHARACTER_SET_RESULTS */;
/*!40101 SET COLLATION_CONNECTION=@OLD_COLLATION_CONNECTION */;
/*!40111 SET SQL_NOTES=@OLD_SQL_NOTES */;

-- Dump completed on 2021-05-24 22:45:27
